before,after
TRBASIC-004-LC7,TRBASIC-001-TSA
TRBASIC-005-54H,TRBASIC-002-ONG
TRBASIC-006-90X,TRBASIC-003-BLD
TRBASIC-007-44V,TRBASIC-004-LC7
TRBASIC-008-BV0,TRBASIC-005-54H
TRBASIC-009-KA2,TRBASIC-006-90X
TRBASIC-010-41Y,TRBASIC-007-44V
TRBASIC-011-ITZ,TRBASIC-008-BV0
TRBASIC-012-V4Z,TRBASIC-009-KA2
TRBASIC-013-GL9,TRBASIC-010-41Y
TRBASIC-014-ACO,TRBASIC-011-ITZ
TRBASIC-015-Q70,TRBASIC-012-V4Z
TRBASIC-016-O01,TRBASIC-013-GL9
TRBASIC-017-HRK,TRBASIC-014-ACO
TRBASIC-018-MNO,TRBASIC-015-Q70
TRBASIC-019-9S8,TRBASIC-016-O01
TRBASIC-020-AHE,TRBASIC-017-HRK
TRBASIC-021-IBX,TRBASIC-018-MNO
TRBASIC-022-RU1,TRBASIC-019-9S8
TRBASIC-023-NDO,TRBASIC-020-AHE
TRBASIC-024-KMR,TRBASIC-021-IBX
TRBASIC-025-3UH,TRBASIC-022-RU1
TRBASIC-026-PF8,TRBASIC-023-NDO
TRBASIC-027-LLP,TRBASIC-024-KMR
TRBASIC-028-LFV,TRBASIC-025-3UH
TRBASIC-029-OC8,TRBASIC-026-PF8
TRBASIC-030-NEU,TRBASIC-027-LLP
TRBASIC-031-6L9,TRBASIC-028-LFV
TRBASIC-032-VRL,TRBASIC-029-OC8
TRBASIC-033-FBV,TRBASIC-030-NEU
TRBASIC-034-JC9,TRBASIC-031-6L9
TRBASIC-035-SZI,TRBASIC-032-VRL
TRBASIC-036-VTM,TRBASIC-033-FBV
TRBASIC-037-X5N,TRBASIC-034-JC9
TRBASIC-038-SJD,TRBASIC-035-SZI
TRBASIC-039-UIS,TRBASIC-036-VTM
TRBASIC-040-5IO,TRBASIC-037-X5N
TRBASIC-041-E79,TRBASIC-038-SJD
TRBASIC-042-X5U,TRBASIC-039-UIS
TRBASIC-043-JAZ,TRBASIC-040-5IO
TRBASIC-044-CPU,TRBASIC-041-E79
TRBASIC-045-XB1,TRBASIC-042-X5U
TRBASIC-046-V35,TRBASIC-043-JAZ
TRBASIC-047-5KX,TRBASIC-044-CPU
TRBASIC-048-WPV,TRBASIC-045-XB1
TRBASIC-049-JSU,TRBASIC-046-V35
TRBASIC-050-LI7,TRBASIC-047-5KX
TRBASIC-051-Q8W,TRBASIC-048-WPV
TRBASIC-052-A3W,TRBASIC-049-JSU
TRBASIC-053-G13,TRBASIC-050-LI7
TRBASIC-054-K90,TRBASIC-051-Q8W
TRBASIC-055-UXB,TRBASIC-052-A3W
TRBASIC-056-JVF,TRBASIC-053-G13
TRBASIC-057-UNU,TRBASIC-054-K90
TRBASIC-058-QXR,TRBASIC-055-UXB
TRBASIC-059-CBW,TRBASIC-056-JVF
TRBASIC-060-XK4,TRBASIC-057-UNU
TRBASIC-061-QD0,TRBASIC-058-QXR
TRBASIC-062-BS7,TRBASIC-059-CBW
TRBASIC-063-MJK,TRBASIC-060-XK4
TRBASIC-064-D03,TRBASIC-061-QD0
TRBASIC-065-805,TRBASIC-062-BS7
TRBASIC-066-DG8,TRBASIC-063-MJK
TRBASIC-067-VOW,TRBASIC-064-D03
TRBASIC-068-9NJ,TRBASIC-065-805
TRBASIC-069-36P,TRBASIC-066-DG8
TRBASIC-070-TMD,TRBASIC-067-VOW
TRBASIC-071-GAT,TRBASIC-068-9NJ
TRBASIC-072-7YC,TRBASIC-069-36P
TRBASIC-073-Q3I,TRBASIC-070-TMD
TRBASIC-074-V8B,TRBASIC-071-GAT
TRBASIC-075-UL3,TRBASIC-072-7YC
TRBASIC-076-M97,TRBASIC-073-Q3I
TRBASIC-077-R23,TRBASIC-074-V8B
TRBASIC-078-83J,TRBASIC-075-UL3
TRBASIC-079-A52,TRBASIC-076-M97
TRBASIC-080-17M,TRBASIC-077-R23
TRBASIC-081-3SP,TRBASIC-078-83J
TRBASIC-082-RRH,TRBASIC-079-A52
TRBASIC-083-BGT,TRBASIC-080-17M
TRBASIC-084-MMZ,TRBASIC-081-3SP
TRBASIC-085-DUY,TRBASIC-082-RRH
TRBASIC-086-U18,TRBASIC-083-BGT
TRBASIC-087-DJY,TRBASIC-084-MMZ
TRBASIC-088-J2V,TRBASIC-085-DUY
TRBASIC-089-BSU,TRBASIC-086-U18
TRBASIC-090-1LD,TRBASIC-087-DJY
TRBASIC-091-2X7,TRBASIC-088-J2V
TRBASIC-092-BM6,TRBASIC-089-BSU
TRBASIC-093-62A,TRBASIC-090-1LD
TRBASIC-094-MBD,TRBASIC-091-2X7
TRBASIC-095-GS6,TRBASIC-092-BM6
TRBASIC-096-M5O,TRBASIC-093-62A
TRBASIC-097-FLL,TRBASIC-094-MBD
TRBASIC-098-OTY,TRBASIC-095-GS6
TRBASIC-099-T0H,TRBASIC-096-M5O
TRBASIC-100-YP9,TRBASIC-097-FLL
TRBASIC-101-RG2,TRBASIC-098-OTY
TRBASIC-102-3BF,TRBASIC-099-T0H
TRBASIC-103-1BT,TRBASIC-100-YP9
TRBASIC-104-M7C,TRBASIC-101-RG2
TRBASIC-105-EC0,TRBASIC-102-3BF
TRBASIC-106-S5O,TRBASIC-103-1BT
TRBASIC-107-4DQ,TRBASIC-104-M7C
TRBASIC-108-FBV,TRBASIC-105-EC0
TRBASIC-109-K8S,TRBASIC-106-S5O
TRBASIC-110-BHQ,TRBASIC-107-4DQ
TRBASIC-111-W04,TRBASIC-108-FBV
TRBASIC-112-VMC,TRBASIC-109-K8S
TRBASIC-113-01L,TRBASIC-110-BHQ
TRBASIC-114-C8G,TRBASIC-111-W04
TRBASIC-115-QFV,TRBASIC-112-VMC
TRBASIC-116-BG8,TRBASIC-113-01L
TRBASIC-117-SRM,TRBASIC-114-C8G
TRBASIC-118-Q82,TRBASIC-115-QFV
TRBASIC-119-1H0,TRBASIC-116-BG8
TRBASIC-120-7DW,TRBASIC-117-SRM
TRBASIC-121-QVP,TRBASIC-118-Q82
TRBASIC-122-480,TRBASIC-119-1H0
TRBASIC-123-GIZ,TRBASIC-120-7DW
TRBASIC-124-GNB,TRBASIC-121-QVP
TRBASIC-125-K63,TRBASIC-122-480
TRBASIC-126-OD3,TRBASIC-123-GIZ
TRBASIC-127-MUB,TRBASIC-124-GNB
TRBASIC-128-K0H,TRBASIC-125-K63
TRBASIC-129-OOB,TRBASIC-126-OD3
TRBASIC-130-1D8,TRBASIC-127-MUB
TRBASIC-131-WUD,TRBASIC-128-K0H
TRBASIC-132-T3T,TRBASIC-129-OOB
TRBASIC-133-ZAK,TRBASIC-130-1D8
TRBASIC-134-V3W,TRBASIC-131-WUD
TRBASIC-135-F68,TRBASIC-132-T3T
TRBASIC-136-B9H,TRBASIC-133-ZAK
TRBASIC134,TRBASIC-134-V3W
TRBASIC135,TRBASIC-135-F68
TRBASIC136,TRBASIC-136-B9H
